-- Datos para la tabla `tbmascotas`
INSERT INTO `tbmascotas` (`id`, `nombre_mascota`, `raza`) VALUES
(1, 'Ing. Vega Orozco Segundo', 'GATO'),
(2, 'Alexandra Villagómez', 'GATO'),
(3, 'Pedro Asensio', 'perrito'),
(4, 'Lic. Luisa Carretero', 'GATO'),
(5, 'Srta. Naia Armenta', 'perrito'),
(6, 'Ángela Muro', 'perrito'),
(7, 'Saúl Narváez', 'GATO'),
(8, 'Samuel Gonzáles', 'GATO'),
(9, 'Silvia Balderas', 'GATO'),
(10, 'Carolina Vega', 'GATO'),
(11, 'Dr. Víctor Enríquez Segundo', 'GATO'),
(12, 'Irene Figueroa', 'perrito'),
(13, 'Yeray Malave', 'GATO'),
(14, 'D. Aaron Alfonso', 'GATO'),
(15, 'Marco Solís', 'GATO'),
(16, 'Álvaro Sanabria', 'GATO'),
(17, 'Encarnación Martín', 'perrito'),
(18, 'Naiara Malave', 'GATO'),
(19, 'Guillermo Rivas', 'perrito'),
(20, 'Lic. Marta Abeyta Segundo', 'perrito'),
(21, 'Nil Solorio Tercero', 'perrito'),
(22, 'Marco Yáñez', 'perrito'),
(23, 'Dr. Pedro Cazares Segundo', 'perrito'),
(24, 'Marcos Nevárez', 'perrito'),
(25, 'Ing. Ángeles Borrego', 'perrito'),
(26, 'Dr. Aurora Peralta Hijo', 'GATO'),
(27, 'Lidia Rueda', 'GATO'),
(28, 'Elena Alcala', 'perrito'),
(29, 'Juan José Irizarry', 'GATO'),
(30, 'Salma Castellano', 'GATO'),
(31, 'Eva Cuesta', 'GATO'),
(32, 'Patricia Ruíz Segundo', 'GATO'),
(33, 'Paola Esteve', 'perrito'),
(34, 'Joel Rueda', 'perrito'),
(35, 'Lic. Rodrigo Murillo', 'perrito'),
(36, 'Dña Alejandra Polanco Segundo', 'GATO'),
(37, 'César Ocampo Hijo', 'perrito'),
(38, 'Yago Cordero', 'GATO'),
(39, 'D. Fernando Soria', 'perrito'),
(40, 'Iván Arevalo Segundo', 'GATO'),
(41, 'Srta. Rosa Rey', 'GATO'),
(42, 'Adriana Lovato', 'GATO'),
(43, 'Francisco Saiz', 'perrito'),
(44, 'Juana Gracia', 'GATO'),
(45, 'Paola Mejía', 'GATO'),
(46, 'Verónica Lovato', 'GATO'),
(47, 'María Dolores Abreu', 'GATO'),
(48, 'Ing. Rocío Cobo', 'GATO'),
(49, 'Sofía Polanco', 'GATO'),
(50, 'Roberto Arellano', 'GATO');

-- Datos para la tabla `tbusuario`
INSERT INTO `tbusuario` (`id`, `nombre`, `apellido`, `email`, `telefono`) VALUES
(1, 'Lic. Lidia Palomo', 'aut tenetur modi', 'alejandra.andres@caballero.com', '985085762'),
(2, 'Yaiza Perales', 'a perferendis illo', 'zquinones@latinmail.com', '982025161'),
(3, 'Sra. Yaiza Escobar Hijo', 'esse beatae totam', 'alvaro.arribas@vasquez.es', '980882497'),
(4, 'Dr. Rubén Nieto', 'sint ad explicabo', 'palacios.adrian@hotmail.es', '986476360'),
(5, 'Carlos Verdugo', 'omnis dolore voluptatem', 'andrea.abreu@saldana.es', '981284162'),
(6, 'Naia Carrasquillo Hijo', 'beatae et qui', 'mdelacruz@llamas.com', '984650304'),
(7, 'Adrián Santos', 'est adipisci qui', 'jurado.angela@espinoza.com', '981229567'),
(8, 'Sr. Miguel Ángel Quiroz Segundo', 'vel id praesentium', 'nvillarreal@cortez.org', '982481857'),
(9, 'Ing. Silvia Samaniego Segundo', 'eos officiis ut', 'lucia.montoya@hispavista.com', '985574457'),
(10, 'Iker Piña', 'sint tenetur sunt', 'malak62@terra.com', '980828800'),
(11, 'Dña Andrea Ponce Hijo', 'minima iste asperiores', 'pedro39@live.com', '982313607'),
(12, 'Javier Esquivel', 'est dolores aut', 'dominquez.rosario@terra.com', '986082292'),
(13, 'Izan Castañeda', 'doloribus omnis quasi', 'aleix.caldera@hotmail.es', '983938210'),
(14, 'Ángela Varela Tercero', 'officia impedit voluptas', 'warana@terra.com', '984967404'),
(15, 'Javier Velázquez', 'ad consequuntur qui', 'jimena56@apodaca.es', '982776369'),
(16, 'Rosario Romero Segundo', 'et veniam quis', 'dario.sola@lopez.com', '982245327'),
(17, 'Celia Munguía Hijo', 'aut voluptate possimus', 'veronica03@hotmail.com', '985462843'),
(18, 'Santiago Arellano Hijo', 'itaque sit veritatis', 'wzepeda@terra.com', '983365733'),
(19, 'D. David Campos', 'omnis inventore et', 'rosario00@olivas.com', '986267494'),
(20, 'Srta. Ana Macías', 'quasi delectus temporibus', 'eurbina@terra.com', '986164014'),
(21, 'Dr. Celia Canales', 'cumque et dolor', 'mayorga.luna@terra.com', '987759394'),
(22, 'Srta. Laura Caro', 'vel ut non', 'raul.limon@gmail.com', '980795513'),
(23, 'Martín Godínez', 'ratione autem sint', 'dalonso@soto.net', '985294420'),
(24, 'Rosa María Carbonell Hijo', 'enim fuga nostrum', 'abril77@yahoo.es', '980805606'),
(25, 'Ing. Gloria Tamayo Segundo', 'neque autem ipsum', 'aolivo@segovia.com.es', '982430206'),
(26, 'Andrés Esquivel Tercero', 'enim nisi nemo', 'rocha.gerard@fajardo.org', '987462506'),
(27, 'Sandra Zavala', 'sint harum harum', 'ines64@chavarria.com.es', '987892963'),
(28, 'Dr. Raúl Girón Segundo', 'et itaque commodi', 'valenzuela.gael@hotmail.es', '981500891'),
(29, 'Patricia Antón', 'ut earum hic', 'zaragoza.amparo@alicea.org', '980481474'),
(30, 'Miguel Simón', 'et autem quos', 'ipascual@perales.com', '986394371'),
(31, 'Ing. Jesús Vázquez Segundo', 'ut excepturi enim', 'mendoza.andres@reyna.com.es', '987820312'),
(32, 'Enrique Lerma', 'impedit incidunt reprehenderit', 'apodaca.rafael@yahoo.com', '982402551'),
(33, 'Francisco Leal Segundo', 'fuga et ut', 'pereira.roberto@live.com', '982222827'),
(34, 'José Antonio Botello', 'alias et deleniti', 'yeray74@live.com', '985193402'),
(35, 'Jan Juan Tercero', 'id molestiae voluptatum', 'gallardo.eva@live.com', '985360336'),
(36, 'Hugo Roque', 'et quidem quae', 'rosado.yeray@terra.com', '980154882'),
(37, 'Samuel Roca', 'distinctio et possimus', 'qmontez@latinmail.com', '981366320'),
(38, 'Sr. Ander Guevara Tercero', 'saepe ipsam nemo', 'ona.valladares@solano.com', '987962940'),
(39, 'Biel Zapata', 'tempora nihil quisquam', 'adorno.lidia@ojeda.es', '980088433'),
(40, 'Paola Gaona', 'dolorem id et', 'yespino@yahoo.com', '980443110'),
(41, 'Gabriel Tijerina', 'consectetur cumque pariatur', 'iherrero@jaramillo.es', '986678900'),
(42, 'Lic. Inés Carrasquillo', 'magnam magni soluta', 'yago.mondragon@deleon.es', '986541355'),
(43, 'Jimena Lovato', 'labore laudantium adipisci', 'vroig@alvarado.org', '982850319'),
(44, 'Alma Vera', 'sit dolores eos', 'villalobos.abril@gmail.com', '981389565'),
(45, 'Rafael Benavides', 'sit aut ex', 'vega66@latinmail.com', '984620340'),
(46, 'Biel De la Fuente Hijo', 'et autem voluptatem', 'fatima.carbajal@carbonell.com', '985997668'),
(47, 'Álvaro Álvarez', 'vitae veritatis quam', 'espino.nadia@latinmail.com', '986739201'),
(48, 'Aitor Ruelas Segundo', 'aut aut voluptatem', 'fierro.jorge@latinmail.com', '986741304'),
(49, 'Dr. Natalia Menchaca Hijo', 'ut non molestias', 'uabeyta@gallardo.org', '987496983'),
(50, 'Sr. Lucas Pineda Segundo', 'sint magni illum', 'cuenca.omar@meza.com', '980752573');

-- Datos para la tabla `tbrelacion`
INSERT INTO `tbrelacion` (`id`, `id_dueno`, `id_mascota`, `estado_relacion`) VALUES
(1, 22, 28, 'buena'),
(2, 16, 22, 'buena'),
(3, 28, 40, 'MALA'),
(4, 37, 46, 'buena'),
(5, 31, 50, 'MALA'),
(6, 4, 9, 'MALA'),
(7, 33, 16, 'MALA'),
(8, 30, 39, 'buena'),
(9, 27, 40, 'MALA'),
(10, 46, 41, 'MALA'),
(11, 28, 26, 'MALA'),
(12, 10, 25, 'buena'),
(13, 30, 44, 'buena'),
(14, 39, 6, 'MALA'),
(15, 17, 30, 'buena'),
(16, 26, 18, 'MALA'),
(17, 21, 48, 'buena'),
(18, 16, 9, 'MALA'),
(19, 15, 19, 'buena'),
(20, 16, 16, 'buena'),
(21, 30, 46, 'buena'),
(22, 34, 42, 'buena'),
(23, 45, 25, 'buena'),
(24, 44, 27, 'MALA'),
(25, 23, 12, 'buena'),
(26, 50, 40, 'buena'),
(27, 24, 16, 'buena'),
(28, 9, 31, 'buena'),
(29, 17, 20, 'MALA'),
(30, 33, 50, 'MALA'),
(31, 6, 9, 'MALA'),
(32, 26, 40, 'buena'),
(33, 15, 17, 'MALA'),
(34, 3, 21, 'MALA'),
(35, 36, 3, 'buena'),
(36, 14, 32, 'MALA'),
(37, 26, 20, 'MALA'),
(38, 13, 12, 'MALA'),
(39, 3, 28, 'buena'),
(40, 21, 37, 'buena'),
(41, 43, 10, 'MALA'),
(42, 45, 4, 'buena'),
(43, 3, 1, 'MALA'),
(44, 38, 26, 'MALA'),
(45, 43, 3, 'buena'),
(46, 42, 32, 'buena'),
(47, 4, 17, 'MALA'),
(48, 42, 35, 'MALA'),
(49, 2, 2, 'MALA'),
(50, 21, 3, 'buena');

