-- Datos para la tabla `tbmascotas`
INSERT INTO `tbmascotas` (`id`, `nombre_mascota`, `raza`) VALUES
(1, 'Arnau Roque', 'GATO'),
(2, 'Rosario Granados Segundo', 'perrito'),
(3, 'Rosa Alonzo', 'GATO'),
(4, 'Rosa María Montes', 'perrito'),
(5, 'Juan José Ramón', 'GATO'),
(6, 'Sr. Jorge Hernando', 'perrito'),
(7, 'Esther Ordóñez', 'perrito'),
(8, 'Adam Lorente Segundo', 'GATO'),
(9, 'Aurora Jasso', 'GATO'),
(10, 'Dña Rosario Hernándes Tercero', 'perrito'),
(11, 'Víctor Soria', 'perrito'),
(12, 'Jesús Gastélum', 'perrito'),
(13, 'Srta. Lucía Alarcón Tercero', 'GATO'),
(14, 'Ing. Yeray Girón', 'perrito'),
(15, 'Héctor Hurtado', 'GATO'),
(16, 'Ainara Escobar', 'GATO'),
(17, 'Nuria Rivero Segundo', 'GATO'),
(18, 'Lic. Leo Medina Tercero', 'GATO'),
(19, 'Jesús Villa', 'perrito'),
(20, 'Paula Salvador', 'GATO'),
(21, 'Adrián Pantoja', 'perrito'),
(22, 'Jesús Rosado', 'GATO'),
(23, 'Carmen Granados', 'GATO'),
(24, 'Sara De Anda', 'perrito'),
(25, 'Dr. Carlota Jaimes', 'GATO'),
(26, 'Isaac Sosa', 'GATO'),
(27, 'Raúl Valdez', 'perrito'),
(28, 'Ana Romero', 'perrito'),
(29, 'Yolanda Vega', 'GATO'),
(30, 'Gabriel Mascareñas', 'perrito'),
(31, 'Dr. Amparo Ureña', 'perrito'),
(32, 'Jesús Botello Hijo', 'GATO'),
(33, 'Ing. Iker Cuevas Hijo', 'GATO'),
(34, 'Salma Zamora', 'GATO'),
(35, 'Marc Sánchez Segundo', 'perrito'),
(36, 'Verónica Villagómez', 'GATO'),
(37, 'Dr. Nahia Mata Segundo', 'perrito'),
(38, 'Valentina Parra', 'perrito'),
(39, 'Alexia Ramírez Tercero', 'GATO'),
(40, 'Ignacio Pascual', 'GATO'),
(41, 'Guillem Concepción', 'perrito'),
(42, 'Iván Zepeda', 'perrito'),
(43, 'Mireia Segovia', 'perrito'),
(44, 'Dario Pabón', 'perrito'),
(45, 'Encarnación Lovato', 'GATO'),
(46, 'Carolina Jimínez Segundo', 'GATO'),
(47, 'Aaron Espinoza', 'GATO'),
(48, 'Oriol Izquierdo', 'perrito'),
(49, 'Helena Luevano', 'GATO'),
(50, 'Diego Godínez', 'perrito');

-- Datos para la tabla `tbusuario`
INSERT INTO `tbusuario` (`id`, `nombre`, `apellido`, `email`, `telefono`) VALUES
(1, 'Francisco Garibay', 'ut incidunt ut', 'candela.delatorre@hotmail.es', '985748911'),
(2, 'Dr. Dario Laboy Tercero', 'sunt incidunt illo', 'adrian.duarte@latinmail.com', '981749425'),
(3, 'Dr. Asier Urías', 'fugit doloremque magni', 'guillermo.tellez@amador.org', '986864763'),
(4, 'David Curiel Tercero', 'illum et saepe', 'jimena.santacruz@latinmail.com', '985086286'),
(5, 'Aurora Segovia Tercero', 'dolor cumque magni', 'beatriz.herrero@yahoo.com', '986088933'),
(6, 'Jaime Muro', 'minus tempora rerum', 'alejandra37@velasquez.com', '983512785'),
(7, 'Izan Esteban', 'sit debitis tempore', 'claudia.nava@hotmail.es', '985795944'),
(8, 'Sr. Izan Carranza Segundo', 'maxime odio deleniti', 'lola71@valero.es', '986352600'),
(9, 'Gerard Aguilera Hijo', 'consequuntur adipisci optio', 'unai.tellez@gmail.com', '982019128'),
(10, 'Noa Piñeiro', 'quidem reprehenderit dolore', 'alcala.olivia@yahoo.com', '982935052'),
(11, 'Helena Márquez', 'reiciendis quis asperiores', 'carlota.zelaya@yahoo.es', '981788718'),
(12, 'Marina Velasco', 'nobis ad iusto', 'benitez.noelia@gmail.com', '980685046'),
(13, 'Luisa Gaitán', 'velit ut omnis', 'gortega@pineiro.es', '983960947'),
(14, 'Marcos Palacios Hijo', 'voluptate omnis explicabo', 'yeray12@guardado.org', '987091013'),
(15, 'Dr. Irene Aragón', 'minima enim voluptates', 'jose81@muro.com', '987347512'),
(16, 'Izan Sandoval', 'sint ipsa ratione', 'rojo.alicia@porras.com', '987493671'),
(17, 'Gabriel Gallego', 'cupiditate quibusdam ex', 'miriam.barragan@rosado.com', '981875468'),
(18, 'Lic. Victoria Cuevas Segundo', 'magni modi est', 'escribano.izan@regalado.com', '981806254'),
(19, 'Juana Miranda', 'dolorum similique facere', 'yolvera@terra.com', '983449149'),
(20, 'Ana Reina Tercero', 'nisi molestiae culpa', 'carla77@terra.com', '984120468'),
(21, 'Sra. María Guardado Segundo', 'nesciunt incidunt assumenda', 'fquesada@ballesteros.com', '984233594'),
(22, 'Elsa Pastor', 'qui veritatis fuga', 'jaramillo.carolina@hispavista.com', '985518543'),
(23, 'Rosa María Guardado', 'non omnis est', 'noelia43@yahoo.com', '985575499'),
(24, 'Nuria De Anda', 'deleniti quae est', 'npineda@live.com', '985821562'),
(25, 'Julia Carranza', 'et ducimus officia', 'parra.teresa@lemus.com', '987601783'),
(26, 'Gloria Esparza', 'omnis at nesciunt', 'saucedo.alex@hotmail.com', '983027082'),
(27, 'Naia Oliva', 'sint doloribus illum', 'mota.patricia@yahoo.com', '987727748'),
(28, 'D. Nicolás Vidal', 'voluptas eligendi porro', 'josefa.pantoja@valverde.com.es', '983101293'),
(29, 'Elsa De Jesús', 'deleniti et qui', 'samaniego.alex@terra.com', '981434428'),
(30, 'Zoe Ulibarri', 'molestias ut fuga', 'davila.mariapilar@terra.com', '980872929'),
(31, 'Blanca Oliva', 'corporis suscipit voluptatum', 'contreras.mariapilar@terra.com', '982552743'),
(32, 'Óscar Rico', 'minus est ut', 'nrodriguez@angulo.com', '983793188'),
(33, 'César Reina', 'praesentium aut magnam', 'jose.duarte@santamaria.com.es', '986396193'),
(34, 'D. Erik Saldivar', 'ut neque eius', 'javier17@oquendo.net', '986097289'),
(35, 'Ing. Miguel Quintana Tercero', 'ut animi omnis', 'rolon.mariadolores@borrego.es', '981884893'),
(36, 'José Cabán Segundo', 'voluptatem ut consequatur', 'lsamaniego@banda.org', '980426077'),
(37, 'Ángela Miguel', 'aut enim vitae', 'arce.malak@hotmail.es', '983460279'),
(38, 'Juan José Barela', 'dolorem non pariatur', 'mariacarmen32@madera.org', '981740754'),
(39, 'Zoe Castillo', 'non et animi', 'xrincon@casarez.com', '985227486'),
(40, 'María Ángeles Manzano', 'sed facere illum', 'claudia69@gaytan.com', '986504730'),
(41, 'Ing. Jan Ramón Tercero', 'tenetur quis beatae', 'tochoa@delgado.net', '986781383'),
(42, 'Dña Carla Tórrez', 'reiciendis ut a', 'jorge84@roybal.org', '987474508'),
(43, 'Dr. Juan Lorenzo', 'debitis quisquam amet', 'rodrigo.carrasquillo@live.com', '986998440'),
(44, 'Sr. Héctor Jurado', 'sed repellat sit', 'fgalindo@yahoo.com', '986647683'),
(45, 'Pol Laboy', 'aliquam dolore non', 'vcandelaria@blazquez.org', '981636571'),
(46, 'Aleix Gámez', 'minus omnis minima', 'ibarra.ian@hispavista.com', '984873577'),
(47, 'Úrsula Arreola', 'vero sed vel', 'gonzalez.miriam@yahoo.com', '987442470'),
(48, 'Lic. Saúl Rubio', 'delectus voluptatem omnis', 'rdelapaz@hispavista.com', '981612630'),
(49, 'Dr. Jordi Arteaga', 'laboriosam asperiores quisquam', 'ramos.alma@palacios.net', '982877023'),
(50, 'Srta. Nahia Toledo Tercero', 'error sint sint', 'fmascarenas@yahoo.com', '980745827');

-- Datos para la tabla `tbrelacion`
INSERT INTO `tbrelacion` (`id`, `id_dueno`, `id_mascota`, `estado_relacion`) VALUES
(1, 41, 11, 'MALA'),
(2, 39, 22, 'buena'),
(3, 17, 22, 'MALA'),
(4, 6, 5, 'MALA'),
(5, 21, 24, 'buena'),
(6, 6, 43, 'buena'),
(7, 48, 23, 'buena'),
(8, 45, 33, 'MALA'),
(9, 28, 37, 'buena'),
(10, 37, 50, 'buena'),
(11, 39, 10, 'MALA'),
(12, 42, 19, 'MALA'),
(13, 29, 24, 'MALA'),
(14, 31, 26, 'MALA'),
(15, 25, 43, 'buena'),
(16, 38, 49, 'MALA'),
(17, 13, 47, 'MALA'),
(18, 19, 13, 'MALA'),
(19, 12, 20, 'MALA'),
(20, 3, 33, 'buena'),
(21, 2, 19, 'buena'),
(22, 6, 17, 'MALA'),
(23, 35, 35, 'MALA'),
(24, 23, 10, 'buena'),
(25, 28, 42, 'buena'),
(26, 43, 2, 'buena'),
(27, 27, 11, 'buena'),
(28, 11, 17, 'buena'),
(29, 7, 7, 'MALA'),
(30, 5, 4, 'MALA'),
(31, 49, 31, 'MALA'),
(32, 8, 5, 'MALA'),
(33, 39, 12, 'MALA'),
(34, 24, 49, 'MALA'),
(35, 14, 12, 'MALA'),
(36, 32, 8, 'MALA'),
(37, 16, 4, 'MALA'),
(38, 20, 22, 'MALA'),
(39, 25, 41, 'buena'),
(40, 2, 30, 'MALA'),
(41, 27, 22, 'MALA'),
(42, 12, 38, 'MALA'),
(43, 50, 26, 'buena'),
(44, 44, 1, 'MALA'),
(45, 29, 21, 'buena'),
(46, 14, 34, 'MALA'),
(47, 43, 7, 'buena'),
(48, 12, 17, 'MALA'),
(49, 22, 11, 'MALA'),
(50, 3, 48, 'MALA');

